,s1_mean,correction_mean,s1_mean-dt*correction_mean,correlation,d/dt correlation
s1_mean,1.0,0.5896444683944069,0.6348570758447418,0.29575235674087197,0.08083527767950256
correction_mean,0.5896444683944069,1.0,-0.24968431701170504,0.6020131923317662,-0.4320593621195904
s1_mean-dt*correction_mean,0.6348570758447418,-0.24968431701170504,1.0,-0.22131526150109565,0.5102337164429853
correlation,0.29575235674087197,0.6020131923317662,-0.22131526150109565,1.0,-0.7693360118858679
d/dt correlation,0.08083527767950256,-0.4320593621195904,0.5102337164429853,-0.7693360118858679,1.0
